epoch,step,train_loss_step
0,9,6.256213188171387
0,19,3.880094051361084
0,29,3.8032894134521484
0,39,5.504696369171143
