epoch,step,test_acc,test_cer,test_wer
10,500,0.02287197858095169,2.500910997390747,1.9367353916168213
