epoch,step,test_acc,test_cer,test_wer
10,670,0.01710008643567562,1.8421934843063354,2.00408935546875
